{
    "mass": 0.0475,
    "rotor_positions": [
        [
            -0.02856711395993652,
            -0.028567113959936517,
            0.0
        ],
        [
            0.02856711395993652,
            -0.028567113959936517,
            0.0
        ],
        [
            -0.02856711395993652,
            0.028567113959936517,
            0.0
        ],
        [
            0.02856711395993652,
            0.028567113959936517,
            0.0
        ]
    ],
    "rotor_thrust_directions": [
        [
            0,
            0,
            1
        ],
        [
            0,
            0,
            1
        ],
        [
            0,
            0,
            1
        ],
        [
            0,
            0,
            1
        ]
    ],
    "rotor_torque_directions": [
        [
            0,
            0,
            1
        ],
        [
            0,
            0,
            -1
        ],
        [
            0,
            0,
            -1
        ],
        [
            0,
            0,
            1
        ]
    ],
    "thrust_coefficients": [
        [
            0.0,
            0.0,
            2.7530676612133696e-10
        ],
        [
            0.0,
            0.0,
            2.7530676612133696e-10
        ],
        [
            0.0,
            0.0,
            2.7530676612133696e-10
        ],
        [
            0.0,
            0.0,
            2.7530676612133696e-10
        ]
    ],
    "rotor_torque_constants": [
        0.0069797819476861735,
        0.0069797819476861735,
        0.0069797819476861735,
        0.0069797819476861735
    ],
    "inertia_diag": [
        3e-05,
        3e-05,
        5.4000000000000005e-05
    ],
    "delay_rising_constants": [
        0.09129898251280068,
        0.09129898251280068,
        0.09129898251280068,
        0.09129898251280068
    ],
    "delay_falling_constants": [
        0.1023619499687037,
        0.1023619499687037,
        0.1023619499687037,
        0.1023619499687037
    ],
    "max_measured_rpm": 39366.66666666667
}