{
    "mass": 0.036,
    "rotor_positions": [
        [
            -0.028000000000000004,
            -0.028,
            0.0
        ],
        [
            0.028000000000000004,
            -0.028,
            0.0
        ],
        [
            -0.028000000000000004,
            0.028,
            0.0
        ],
        [
            0.028000000000000004,
            0.028,
            0.0
        ]
    ],
    "rotor_thrust_directions": [
        [
            0,
            0,
            1
        ],
        [
            0,
            0,
            1
        ],
        [
            0,
            0,
            1
        ],
        [
            0,
            0,
            1
        ]
    ],
    "rotor_torque_directions": [
        [
            0,
            0,
            1
        ],
        [
            0,
            0,
            -1
        ],
        [
            0,
            0,
            -1
        ],
        [
            0,
            0,
            1
        ]
    ],
    "thrust_coefficients": [
        [
            0.00275119581450187,
            1.6990388732020852e-06,
            1.8169389754292802e-10
        ],
        [
            0.00275119581450187,
            1.6990388732020852e-06,
            1.8169389754292802e-10
        ],
        [
            0.00275119581450187,
            1.6990388732020852e-06,
            1.8169389754292802e-10
        ],
        [
            0.00275119581450187,
            1.6990388732020852e-06,
            1.8169389754292802e-10
        ]
    ],
    "rotor_torque_constants": [
        0.00420896021684281,
        0.00420896021684281,
        0.00420896021684281,
        0.00420896021684281
    ],
    "inertia_diag": [
        9.943932156103348e-06,
        9.49933927091301e-06,
        1.7498944284314723e-05
    ],
    "delay_rising_constants": [
        0.08337630320489432,
        0.08337630320489432,
        0.08337630320489432,
        0.08337630320489432
    ],
    "delay_falling_constants": [
        0.2842138516483706,
        0.2842138516483706,
        0.2842138516483706,
        0.2842138516483706
    ],
    "max_measured_rpm": 21679.0
}