{
    "mass": 0.036,
    "rotor_positions": [
        [
            -0.028000000000000004,
            -0.028,
            0.0
        ],
        [
            0.028000000000000004,
            -0.028,
            0.0
        ],
        [
            -0.028000000000000004,
            0.028,
            0.0
        ],
        [
            0.028000000000000004,
            0.028,
            0.0
        ]
    ],
    "rotor_thrust_directions": [
        [
            0,
            0,
            1
        ],
        [
            0,
            0,
            1
        ],
        [
            0,
            0,
            1
        ],
        [
            0,
            0,
            1
        ]
    ],
    "rotor_torque_directions": [
        [
            0,
            0,
            1
        ],
        [
            0,
            0,
            -1
        ],
        [
            0,
            0,
            -1
        ],
        [
            0,
            0,
            1
        ]
    ],
    "thrust_coefficients": [
        [
            0.007222722171487329,
            0.0,
            2.582236462024272e-10
        ],
        [
            0.007222722171487329,
            0.0,
            2.582236462024272e-10
        ],
        [
            0.007222722171487329,
            0.0,
            2.582236462024272e-10
        ],
        [
            0.007222722171487329,
            0.0,
            2.582236462024272e-10
        ]
    ],
    "rotor_torque_constants": [
        0.003670694346888614,
        0.003670694346888614,
        0.003670694346888614,
        0.003670694346888614
    ],
    "inertia_diag": [
        9.477488544078618e-06,
        8.445622701305026e-06,
        1.613080012084528e-05
    ],
    "delay_rising_constants": [
        0.08254910312516577,
        0.08254910312516577,
        0.08254910312516577,
        0.08254910312516577
    ],
    "delay_falling_constants": [
        0.09688253639260946,
        0.09688253639260946,
        0.09688253639260946,
        0.09688253639260946
    ],
    "max_measured_rpm": 21677.0
}