{
    "mass": 0.036,
    "rotor_positions": [
        [
            -0.028000000000000004,
            -0.028,
            0.0
        ],
        [
            0.028000000000000004,
            -0.028,
            0.0
        ],
        [
            -0.028000000000000004,
            0.028,
            0.0
        ],
        [
            0.028000000000000004,
            0.028,
            0.0
        ]
    ],
    "rotor_thrust_directions": [
        [
            0,
            0,
            1
        ],
        [
            0,
            0,
            1
        ],
        [
            0,
            0,
            1
        ],
        [
            0,
            0,
            1
        ]
    ],
    "rotor_torque_directions": [
        [
            0,
            0,
            1
        ],
        [
            0,
            0,
            -1
        ],
        [
            0,
            0,
            -1
        ],
        [
            0,
            0,
            1
        ]
    ],
    "thrust_coefficients": [
        [
            -0.0011368935145295814,
            0.18299835150296156,
            -0.05541360279237622
        ],
        [
            -0.0011368935145295814,
            0.18299835150296156,
            -0.05541360279237622
        ],
        [
            -0.0011368935145295814,
            0.18299835150296156,
            -0.05541360279237622
        ],
        [
            -0.0011368935145295814,
            0.18299835150296156,
            -0.05541360279237622
        ]
    ],
    "rotor_torque_constants": [
        -5.017919955156004e-05,
        -5.017919955156004e-05,
        -5.017919955156004e-05,
        -5.017919955156004e-05
    ],
    "inertia_diag": [
        6.760347137889437e-06,
        -6.524534241749687e-06,
        2.1223160652577497e-07
    ],
    "delay_rising_constants": [
        0.1657551020408163,
        0.1657551020408163,
        0.1657551020408163,
        0.1657551020408163
    ],
    "delay_falling_constants": [
        0.1657551020408163,
        0.1657551020408163,
        0.1657551020408163,
        0.1657551020408163
    ]
}